{"cameraMode":{"drawMode":0,"name":"Shaded","section":"Shading Mode"},"sceneLighting":true,"audioPlay":false,"sceneViewState":{"m_AlwaysRefresh":false,"showFog":true,"showSkybox":true,"showFlares":true,"showImageEffects":true,"showParticleSystems":true,"showVisualEffectGraphs":true,"m_FxEnabled":true},"in2DMode":false,"pivot":{"x":1.788238763809204,"y":1.4475377798080445,"z":-0.5866253972053528},"rotation":{"x":-0.0009876717813313008,"y":0.7527939677238464,"z":-0.0011289683170616627,"w":-0.6582565307617188},"size":3.5650370121002199,"orthographic":false}